<?xml version="1.0" encoding="UTF-8"?>
<topology>
    <node id="0" listenPort="7639" name="0" type="1" reliability="0.99"  region="0" regionRisk="1" ></node>
    <node id="1" listenPort="7639" name="1" type="1" reliability="0.99"  region="0" regionRisk="1" ></node>
    <node id="2" listenPort="7639" name="2" type="1" reliability="0.99"  region="0" regionRisk="1" ></node>
    <node id="3" listenPort="7639" name="3" type="1" reliability="0.99"  region="0" regionRisk="1" ></node>
    <node id="4" listenPort="7639" name="4" type="1" reliability="0.99"  region="0" regionRisk="1" ></node>
    <node id="5" listenPort="7639" name="5" type="1" reliability="0.99"  region="0" regionRisk="1" ></node>
    <node id="6" listenPort="7639" name="6" type="1" reliability="0.99"  region="0" regionRisk="1" ></node>
    <node id="7" listenPort="7639" name="7" type="1" reliability="0.99"  region="0" regionRisk="1" ></node>
    <node id="8" listenPort="7639" name="8" type="1" reliability="0.99"  region="0" regionRisk="1" ></node>
    <node id="9" listenPort="7639" name="9" type="1" reliability="0.99"  region="0" regionRisk="1" ></node>
    <node id="10" listenPort="7639" name="10" type="1" reliability="0.99"  region="0" regionRisk="1" ></node>
    <node id="11" listenPort="7639" name="11" type="1" reliability="0.99"  region="0" regionRisk="1" ></node>
    <node id="12" listenPort="7639" name="12" type="1" reliability="0.99"  region="0" regionRisk="1" ></node>
    <node id="13" listenPort="7639" name="13" type="1" reliability="0.99"  region="0" regionRisk="1" ></node>
    <node id="14" listenPort="7639" name="14" type="1" reliability="0.99"  region="0" regionRisk="1" ></node>
    <node id="15" listenPort="7639" name="15" type="1" reliability="0.99"  region="0" regionRisk="1" ></node>
    <node id="16" listenPort="7639" name="16" type="1" reliability="0.99"  region="0" regionRisk="1" ></node>
    <node id="17" listenPort="7639" name="17" type="1" reliability="0.99"  region="0" regionRisk="1" ></node>
    <node id="18" listenPort="7639" name="18" type="1" reliability="0.99"  region="0" regionRisk="1" ></node>
    <node id="19" listenPort="7639" name="19" type="1" reliability="0.99"  region="0" regionRisk="1" ></node>
    <node id="20" listenPort="7639" name="20" type="1" reliability="0.99"  region="0" regionRisk="1" ></node>
    <node id="21" listenPort="7639" name="21" type="1" reliability="0.99"  region="0" regionRisk="1" ></node>
    <node id="22" listenPort="7639" name="22" type="1" reliability="0.99"  region="0" regionRisk="1" ></node>
    <node id="23" listenPort="7639" name="23" type="1" reliability="0.99"  region="0" regionRisk="1" ></node>
    <node id="24" listenPort="7639" name="24" type="1" reliability="0.99"  region="0" regionRisk="1" ></node>

    <link from="0" to="1" bw="150" reliability="0.99"  region="0" regionRisk="1"></link>
    <link from="0" to="2" bw="150" reliability="0.99"  region="0" regionRisk="1"></link>
    <link from="0" to="6" bw="150" reliability="0.99"  region="0" regionRisk="1"></link>
    <link from="0" to="7" bw="150" reliability="0.99"  region="0" regionRisk="1"></link>
    <link from="1" to="6" bw="150" reliability="0.99"  region="0" regionRisk="1"></link>
    <link from="2" to="3" bw="150" reliability="0.99"  region="0" regionRisk="1"></link>
    <link from="2" to="6" bw="150" reliability="0.99"  region="0" regionRisk="1"></link>
    <link from="2" to="9" bw="150" reliability="0.99"  region="0" regionRisk="1"></link>
    <link from="2" to="15" bw="150" reliability="0.99"  region="0" regionRisk="1"></link>
    <link from="2" to="16" bw="150" reliability="0.99"  region="0" regionRisk="1"></link>
    <link from="2" to="17" bw="150" reliability="0.99"  region="0" regionRisk="1"></link>
    <link from="2" to="20" bw="150" reliability="0.99"  region="0" regionRisk="1"></link>
    <link from="2" to="21" bw="150" reliability="0.99"  region="0" regionRisk="1"></link>
    <link from="3" to="8" bw="150" reliability="0.99"  region="0" regionRisk="1"></link>
    <link from="3" to="9" bw="150" reliability="0.99"  region="0" regionRisk="1"></link>
    <link from="3" to="6" bw="150" reliability="0.99"  region="0" regionRisk="1"></link>
    <link from="4" to="5" bw="150" reliability="0.99"  region="0" regionRisk="1"></link>
    <link from="4" to="7" bw="150" reliability="0.99"  region="0" regionRisk="1"></link>
    <link from="5" to="7" bw="150" reliability="0.99"  region="0" regionRisk="1"></link>
    <link from="5" to="8" bw="150" reliability="0.99"  region="0" regionRisk="1"></link>
    <link from="5" to="9" bw="150" reliability="0.99"  region="0" regionRisk="1"></link>
    <link from="5" to="13" bw="150" reliability="0.99"  region="0" regionRisk="1"></link>
    <link from="5" to="14" bw="150" reliability="0.99"  region="0" regionRisk="1"></link>
    <link from="6" to="7" bw="150" reliability="0.99"  region="0" regionRisk="1"></link>
    <link from="8" to="9" bw="150" reliability="0.99"  region="0" regionRisk="1"></link>
    <link from="8" to="13" bw="150" reliability="0.99"  region="0" regionRisk="1"></link>
    <link from="9" to="13" bw="150" reliability="0.99"  region="0" regionRisk="1"></link>
    <link from="9" to="16" bw="150" reliability="0.99"  region="0" regionRisk="1"></link>
    <link from="9" to="22" bw="150" reliability="0.99"  region="0" regionRisk="1"></link>
    <link from="10" to="11" bw="150" reliability="0.99"  region="0" regionRisk="1"></link>
    <link from="10" to="13" bw="150" reliability="0.99"  region="0" regionRisk="1"></link>
    <link from="10" to="14" bw="150" reliability="0.99"  region="0" regionRisk="1"></link>
    <link from="11" to="12" bw="150" reliability="0.99"  region="0" regionRisk="1"></link>
    <link from="11" to="13" bw="150" reliability="0.99"  region="0" regionRisk="1"></link>
    <link from="11" to="14" bw="150" reliability="0.99"  region="0" regionRisk="1"></link>
    <link from="12" to="24" bw="150" reliability="0.99"  region="0" regionRisk="1"></link>
    <link from="12" to="13" bw="150" reliability="0.99"  region="0" regionRisk="1"></link>
    <link from="13" to="15" bw="150" reliability="0.99"  region="0" regionRisk="1"></link>
    <link from="13" to="16" bw="150" reliability="0.99"  region="0" regionRisk="1"></link>
    <link from="13" to="17" bw="150" reliability="0.99"  region="0" regionRisk="1"></link>
    <link from="13" to="22" bw="150" reliability="0.99"  region="0" regionRisk="1"></link>
    <link from="15" to="16" bw="150" reliability="0.99"  region="0" regionRisk="1"></link>
    <link from="15" to="17" bw="150" reliability="0.99"  region="0" regionRisk="1"></link>
    <link from="15" to="21" bw="150" reliability="0.99"  region="0" regionRisk="1"></link>
    <link from="16" to="17" bw="150" reliability="0.99"  region="0" regionRisk="1"></link>
    <link from="17" to="18" bw="150" reliability="0.99"  region="0" regionRisk="1"></link>
    <link from="17" to="19" bw="150" reliability="0.99"  region="0" regionRisk="1"></link>
    <link from="17" to="20" bw="150" reliability="0.99"  region="0" regionRisk="1"></link>
    <link from="17" to="21" bw="150" reliability="0.99"  region="0" regionRisk="1"></link>
    <link from="17" to="22" bw="150" reliability="0.99"  region="0" regionRisk="1"></link>
    <link from="18" to="21" bw="150" reliability="0.99"  region="0" regionRisk="1"></link>
    <link from="19" to="20" bw="150" reliability="0.99"  region="0" regionRisk="1"></link>
    <link from="21" to="22" bw="150" reliability="0.99"  region="0" regionRisk="1"></link>
    <link from="22" to="23" bw="150" reliability="0.99"  region="0" regionRisk="1"></link>
    <link from="22" to="24" bw="150" reliability="0.99"  region="0" regionRisk="1"></link>
    <link from="22" to="24" bw="150" reliability="0.99"  region="0" regionRisk="1"></link>
    <link from="23" to="24" bw="150" reliability="0.99"  region="0" regionRisk="1"></link>

</topology>
